date,state,total_cases,total_deaths
"2020-03-05 00:00:00",CO,1,0
"2020-03-06 00:00:00",CO,2,0
"2020-03-07 00:00:00",CO,8,0
"2020-03-08 00:00:00",CO,8,0
"2020-03-09 00:00:00",CO,12,0
"2020-03-10 00:00:00",CO,17,0
"2020-03-11 00:00:00",CO,34,0
"2020-03-12 00:00:00",CO,49,0
"2020-03-13 00:00:00",CO,49,0
"2020-03-14 00:00:00",CO,49,0
"2020-03-15 00:00:00",CO,144,1
"2020-03-16 00:00:00",CO,160,1
"2020-03-17 00:00:00",CO,183,2
"2020-03-18 00:00:00",CO,216,2
"2020-03-19 00:00:00",CO,277,2
"2020-03-20 00:00:00",CO,363,4
"2020-03-21 00:00:00",CO,475,5
"2020-03-22 00:00:00",CO,591,6
"2020-03-23 00:00:00",CO,720,7
"2020-03-24 00:00:00",CO,921,11
"2020-03-25 00:00:00",CO,1086,19
"2020-03-26 00:00:00",CO,1430,24
"2020-03-27 00:00:00",CO,1734,31
"2020-03-28 00:00:00",CO,2061,44
"2020-03-29 00:00:00",CO,2307,47
"2020-03-30 00:00:00",CO,2627,51
"2020-03-31 00:00:00",CO,2966,69
"2020-04-01 00:00:00",CO,3342,80
"2020-04-02 00:00:00",CO,3728,97
"2020-04-03 00:00:00",CO,4173,111
"2020-04-04 00:00:00",CO,4565,126
"2020-04-05 00:00:00",CO,4950,140
"2020-04-06 00:00:00",CO,5172,150
"2020-04-07 00:00:00",CO,5429,179
"2020-04-08 00:00:00",CO,5655,193
"2020-04-09 00:00:00",CO,6202,226
"2020-04-10 00:00:00",CO,6365,250
"2020-04-11 00:00:00",CO,6893,274
"2020-04-12 00:00:00",CO,7303,290
"2020-04-13 00:00:00",CO,7691,308
"2020-04-14 00:00:00",CO,7941,329
"2020-04-15 00:00:00",CO,8280,357
"2020-04-16 00:00:00",CO,8582,373
"2020-04-17 00:00:00",CO,9047,391
"2020-04-18 00:00:00",CO,9433,411
"2020-04-19 00:00:00",CO,9634,421
"2020-04-20 00:00:00",CO,10019,448
"2020-04-21 00:00:00",CO,10368,485
"2020-04-22 00:00:00",CO,10825,507
"2020-04-23 00:00:00",CO,11182,551
"2020-04-24 00:00:00",CO,12184,672
"2020-04-25 00:00:00",CO,12868,670
"2020-04-26 00:00:00",CO,13350,679
"2020-04-27 00:00:00",CO,13798,706
"2020-04-28 00:00:00",CO,14238,736
"2020-04-29 00:00:00",CO,14675,766
"2020-04-30 00:00:00",CO,15182,777
"2020-05-01 00:00:00",CO,15668,820
"2020-05-02 00:00:00",CO,16120,832
"2020-05-03 00:00:00",CO,16534,842
"2020-05-04 00:00:00",CO,16878,851
"2020-05-05 00:00:00",CO,17317,903
"2020-05-06 00:00:00",CO,17738,921
"2020-05-07 00:00:00",CO,18318,944
"2020-05-08 00:00:00",CO,18793,960
"2020-05-09 00:00:00",CO,19316,967
"2020-05-10 00:00:00",CO,19632,971
"2020-05-11 00:00:00",CO,19735,986
"2020-05-12 00:00:00",CO,20091,1006
"2020-05-13 00:00:00",CO,20401,1059
"2020-05-14 00:00:00",CO,20762,1090
"2020-05-15 00:00:00",CO,21131,1150
"2020-05-16 00:00:00",CO,21511,1192
"2020-05-17 00:00:00",CO,21797,1215
"2020-05-18 00:00:00",CO,22095,1224
"2020-05-19 00:00:00",CO,22399,1257
"2020-05-20 00:00:00",CO,22752,1299
"2020-05-21 00:00:00",CO,23121,1309
"2020-05-22 00:00:00",CO,23455,1323
"2020-05-23 00:00:00",CO,23937,1327
"2020-05-24 00:00:00",CO,24137,1330
"2020-05-25 00:00:00",CO,24226,1331
"2020-05-26 00:00:00",CO,24503,1350
"2020-05-27 00:00:00",CO,24995,1392
"2020-05-28 00:00:00",CO,25121,1421
"2020-05-29 00:00:00",CO,25613,1436
"2020-05-30 00:00:00",CO,26098,1443
"2020-05-31 00:00:00",CO,26378,1445
"2020-06-01 00:00:00",CO,26577,1458
"2020-06-02 00:00:00",CO,26788,1474
"2020-06-03 00:00:00",CO,27060,1494
"2020-06-04 00:00:00",CO,27360,1512
"2020-06-05 00:00:00",CO,27615,1524
"2020-06-06 00:00:00",CO,27848,1527
"2020-06-07 00:00:00",CO,28001,1527
"2020-06-08 00:00:00",CO,28183,1543
"2020-06-09 00:00:00",CO,28347,1553
"2020-06-10 00:00:00",CO,28499,1573
"2020-06-11 00:00:00",CO,28647,1583
"2020-06-12 00:00:00",CO,28822,1595
"2020-06-13 00:00:00",CO,29017,1598
"2020-06-14 00:00:00",CO,29130,1599
"2020-06-15 00:00:00",CO,29299,1605
"2020-06-16 00:00:00",CO,29442,1617
"2020-06-17 00:00:00",CO,29673,1631
"2020-06-18 00:00:00",CO,29901,1638
"2020-06-19 00:00:00",CO,30187,1643
"2020-06-20 00:00:00",CO,30349,1647
"2020-06-21 00:00:00",CO,30539,1647
"2020-06-22 00:00:00",CO,30705,1651
"2020-06-23 00:00:00",CO,30893,1665
"2020-06-24 00:00:00",CO,31155,1667
"2020-06-25 00:00:00",CO,31479,1669
"2020-06-26 00:00:00",CO,31796,1673
"2020-06-27 00:00:00",CO,32022,1674
"2020-06-28 00:00:00",CO,32307,1676
"2020-06-29 00:00:00",CO,32511,1682
"2020-06-30 00:00:00",CO,32715,1690
"2020-07-01 00:00:00",CO,33029,1697
"2020-07-02 00:00:00",CO,33352,1701
"2020-07-03 00:00:00",CO,33612,1701
"2020-07-04 00:00:00",CO,33866,1701
"2020-07-05 00:00:00",CO,34065,1701
"2020-07-06 00:00:00",CO,34257,1691
"2020-07-07 00:00:00",CO,34664,1696
"2020-07-08 00:00:00",CO,35116,1704
"2020-07-09 00:00:00",CO,35525,1706
"2020-07-10 00:00:00",CO,36191,1724
"2020-07-11 00:00:00",CO,36591,1725
"2020-07-12 00:00:00",CO,36913,1725
"2020-07-13 00:00:00",CO,37242,1727
"2020-07-14 00:00:00",CO,37686,1738
"2020-07-15 00:00:00",CO,38155,1744
"2020-07-16 00:00:00",CO,38726,1745
"2020-07-17 00:00:00",CO,39344,1751
"2020-07-18 00:00:00",CO,39788,1752
"2020-07-19 00:00:00",CO,40142,1752
"2020-07-20 00:00:00",CO,40566,1758
"2020-07-21 00:00:00",CO,41059,1763
"2020-07-22 00:00:00",CO,41698,1771
"2020-07-23 00:00:00",CO,42314,1786
"2020-07-24 00:00:00",CO,42980,1790
"2020-07-25 00:00:00",CO,43789,1794
"2020-07-26 00:00:00",CO,44336,1794
"2020-07-27 00:00:00",CO,44565,1799
"2020-07-28 00:00:00",CO,45314,1807
"2020-07-29 00:00:00",CO,45796,1822
"2020-07-30 00:00:00",CO,46204,1822
"2020-07-31 00:00:00",CO,46809,1838
"2020-08-01 00:00:00",CO,47267,1844
"2020-08-02 00:00:00",CO,47716,1844
"2020-08-03 00:00:00",CO,47968,1844
"2020-08-04 00:00:00",CO,48394,1849
"2020-08-05 00:00:00",CO,48988,1851
"2020-08-06 00:00:00",CO,49436,1852
"2020-08-07 00:00:00",CO,49893,1857
"2020-08-08 00:00:00",CO,50324,1857
"2020-08-09 00:00:00",CO,50660,1858
"2020-08-10 00:00:00",CO,51039,1863
"2020-08-11 00:00:00",CO,51441,1875
"2020-08-12 00:00:00",CO,51756,1875
"2020-08-13 00:00:00",CO,52129,1882
"2020-08-14 00:00:00",CO,52538,1888
"2020-08-15 00:00:00",CO,52838,1896
"2020-08-16 00:00:00",CO,53176,1896
"2020-08-17 00:00:00",CO,53370,1896
"2020-08-18 00:00:00",CO,53631,1899
"2020-08-19 00:00:00",CO,53901,1900
"2020-08-20 00:00:00",CO,54230,1903
"2020-08-21 00:00:00",CO,54586,1910
"2020-08-22 00:00:00",CO,54883,1918
"2020-08-23 00:00:00",CO,55133,1918
"2020-08-24 00:00:00",CO,55341,1919
"2020-08-25 00:00:00",CO,55800,1926
"2020-08-26 00:00:00",CO,55994,1927
"2020-08-27 00:00:00",CO,56343,1931
"2020-08-28 00:00:00",CO,56773,1937
"2020-08-29 00:00:00",CO,57041,1944
"2020-08-30 00:00:00",CO,57223,1944
"2020-08-31 00:00:00",CO,57424,1945
"2020-09-01 00:00:00",CO,57775,1946
"2020-09-02 00:00:00",CO,58019,1952
"2020-09-03 00:00:00",CO,58287,1955
"2020-09-04 00:00:00",CO,58655,1966
"2020-09-05 00:00:00",CO,58989,1971
"2020-09-06 00:00:00",CO,59274,1972
"2020-09-07 00:00:00",CO,59487,1973
"2020-09-08 00:00:00",CO,59674,1973
"2020-09-09 00:00:00",CO,59920,1977
"2020-09-10 00:00:00",CO,60185,1979
"2020-09-11 00:00:00",CO,60492,1985
"2020-09-12 00:00:00",CO,60907,1988
"2020-09-13 00:00:00",CO,61324,1988
"2020-09-14 00:00:00",CO,61699,1990
"2020-09-15 00:00:00",CO,62099,1996
"2020-09-16 00:00:00",CO,62686,2002
"2020-09-17 00:00:00",CO,63145,2006
"2020-09-18 00:00:00",CO,63750,2009
"2020-09-19 00:00:00",CO,64356,2013
"2020-09-20 00:00:00",CO,64857,2014
"2020-09-21 00:00:00",CO,65399,2018
"2020-09-22 00:00:00",CO,66053,2025
"2020-09-23 00:00:00",CO,66669,2030
"2020-09-24 00:00:00",CO,67217,2033
"2020-09-25 00:00:00",CO,67926,2037
"2020-09-26 00:00:00",CO,68510,2040
"2020-09-27 00:00:00",CO,69079,2041
"2020-09-28 00:00:00",CO,69490,2044
"2020-09-29 00:00:00",CO,70025,2046
"2020-09-30 00:00:00",CO,70536,2051
"2020-10-01 00:00:00",CO,71218,2054
"2020-10-02 00:00:00",CO,71898,2057
"2020-10-03 00:00:00",CO,71898,2057
"2020-10-04 00:00:00",CO,73076,2067
"2020-10-05 00:00:00",CO,73537,2069
"2020-10-06 00:00:00",CO,74191,2081
"2020-10-07 00:00:00",CO,74922,2085
"2020-10-08 00:00:00",CO,75785,2095
"2020-10-09 00:00:00",CO,76619,2103
"2020-10-10 00:00:00",CO,77642,2112
"2020-10-11 00:00:00",CO,78461,2113
"2020-10-12 00:00:00",CO,79037,2116
"2020-10-13 00:00:00",CO,80085,2153
"2020-10-14 00:00:00",CO,80777,2160
"2020-10-15 00:00:00",CO,81918,2162
"2020-10-16 00:00:00",CO,83230,2172
"2020-10-17 00:00:00",CO,84369,2176
"2020-10-18 00:00:00",CO,85302,2176
"2020-10-19 00:00:00",CO,86374,2180
"2020-10-20 00:00:00",CO,87582,2182
"2020-10-21 00:00:00",CO,88849,2194
"2020-10-22 00:00:00",CO,90222,2198
"2020-10-23 00:00:00",CO,91572,2211
"2020-10-24 00:00:00",CO,93400,2218
"2020-10-25 00:00:00",CO,95089,2223
"2020-10-26 00:00:00",CO,97300,2226
"2020-10-27 00:00:00",CO,98733,2236
"2020-10-28 00:00:00",CO,100208,2249
"2020-10-29 00:00:00",CO,102014,2268
"2020-10-30 00:00:00",CO,104426,2278
"2020-10-31 00:00:00",CO,107350,2285
"2020-11-01 00:00:00",CO,107350,2285
"2020-11-02 00:00:00",CO,112147,2292
"2020-11-03 00:00:00",CO,114709,2311
"2020-11-04 00:00:00",CO,117637,2333
"2020-11-05 00:00:00",CO,121006,2353
"2020-11-06 00:00:00",CO,124469,2376
"2020-11-07 00:00:00",CO,127967,2389
"2020-11-08 00:00:00",CO,130984,2394
"2020-11-09 00:00:00",CO,134537,2408
"2020-11-10 00:00:00",CO,138427,2427
"2020-03-02 00:00:00",FL,1,0
"2020-03-03 00:00:00",FL,2,0
"2020-03-04 00:00:00",FL,2,0
"2020-03-05 00:00:00",FL,3,0
"2020-03-06 00:00:00",FL,3,0
"2020-03-07 00:00:00",FL,6,0
"2020-03-08 00:00:00",FL,6,0
"2020-03-09 00:00:00",FL,19,2
"2020-03-10 00:00:00",FL,19,2
"2020-03-11 00:00:00",FL,26,2
"2020-03-12 00:00:00",FL,31,2
"2020-03-13 00:00:00",FL,31,2
"2020-03-14 00:00:00",FL,55,3
"2020-03-15 00:00:00",FL,136,4
"2020-03-16 00:00:00",FL,142,5
"2020-03-17 00:00:00",FL,195,7
"2020-03-18 00:00:00",FL,299,8
"2020-03-19 00:00:00",FL,393,9
"2020-03-20 00:00:00",FL,510,11
"2020-03-21 00:00:00",FL,706,12
"2020-03-22 00:00:00",FL,937,13
"2020-03-23 00:00:00",FL,1141,17
"2020-03-24 00:00:00",FL,1373,20
"2020-03-25 00:00:00",FL,1861,23
"2020-03-26 00:00:00",FL,2352,29
"2020-03-27 00:00:00",FL,3054,46
"2020-03-28 00:00:00",FL,3877,56
"2020-03-29 00:00:00",FL,4768,60
"2020-03-30 00:00:00",FL,5489,71
"2020-03-31 00:00:00",FL,6490,85
"2020-04-01 00:00:00",FL,7495,101
"2020-04-02 00:00:00",FL,8694,144
"2020-04-03 00:00:00",FL,9925,170
"2020-04-04 00:00:00",FL,11173,195
"2020-04-05 00:00:00",FL,11961,221
"2020-04-06 00:00:00",FL,13214,254
"2020-04-07 00:00:00",FL,14302,296
"2020-04-08 00:00:00",FL,15234,323
"2020-04-09 00:00:00",FL,16323,371
"2020-04-10 00:00:00",FL,17448,419
"2020-04-11 00:00:00",FL,18445,446
"2020-04-12 00:00:00",FL,19337,461
"2020-04-13 00:00:00",FL,20394,499
"2020-04-14 00:00:00",FL,20984,571
"2020-04-15 00:00:00",FL,21865,614
"2020-04-16 00:00:00",FL,22674,668
"2020-04-17 00:00:00",FL,24066,726
"2020-04-18 00:00:00",FL,24797,748
"2020-04-19 00:00:00",FL,25598,774
"2020-04-20 00:00:00",FL,26329,823
"2020-04-21 00:00:00",FL,27127,867
"2020-04-22 00:00:00",FL,27791,927
"2020-04-23 00:00:00",FL,28843,987
"2020-04-24 00:00:00",FL,29707,1046
"2020-04-25 00:00:00",FL,29996,1055
"2020-04-26 00:00:00",FL,30680,1074
"2020-04-27 00:00:00",FL,31290,1088
"2020-04-28 00:00:00",FL,31986,1171
"2020-04-29 00:00:00",FL,32318,1218
"2020-04-30 00:00:00",FL,33690,1268
"2020-05-01 00:00:00",FL,34728,1314
"2020-05-02 00:00:00",FL,35463,1364
"2020-05-03 00:00:00",FL,35969,1399
"2020-05-04 00:00:00",FL,36897,1399
"2020-05-05 00:00:00",FL,37439,1471
"2020-05-06 00:00:00",FL,38002,1539
"2020-05-07 00:00:00",FL,38828,1600
"2020-05-08 00:00:00",FL,39199,1669
"2020-05-09 00:00:00",FL,40001,1715
"2020-05-10 00:00:00",FL,39888,1735
"2020-05-11 00:00:00",FL,40982,1735
"2020-05-12 00:00:00",FL,41923,1779
"2020-05-13 00:00:00",FL,42402,1827
"2020-05-14 00:00:00",FL,43210,1875
"2020-05-15 00:00:00",FL,42940,1917
"2020-05-16 00:00:00",FL,44811,1964
"2020-05-17 00:00:00",FL,45588,1973
"2020-05-18 00:00:00",FL,46442,1997
"2020-05-19 00:00:00",FL,46944,2052
"2020-05-20 00:00:00",FL,47471,2096
"2020-05-21 00:00:00",FL,48675,2144
"2020-05-22 00:00:00",FL,49451,2190
"2020-05-23 00:00:00",FL,50127,2233
"2020-05-24 00:00:00",FL,50867,2237
"2020-05-25 00:00:00",FL,51746,2252
"2020-05-26 00:00:00",FL,52255,2259
"2020-05-27 00:00:00",FL,52634,2319
"2020-05-28 00:00:00",FL,51918,2364
"2020-05-29 00:00:00",FL,53114,2413
"2020-05-30 00:00:00",FL,54029,2447
"2020-05-31 00:00:00",FL,54764,2451
"2020-06-01 00:00:00",FL,55415,2460
"2020-06-02 00:00:00",FL,56001,2530
"2020-06-03 00:00:00",FL,57293,2566
"2020-06-04 00:00:00",FL,58701,2607
"2020-06-05 00:00:00",FL,59993,2660
"2020-06-06 00:00:00",FL,61246,2688
"2020-06-07 00:00:00",FL,62416,2700
"2020-06-08 00:00:00",FL,63378,2712
"2020-06-09 00:00:00",FL,64448,2765
"2020-06-10 00:00:00",FL,65779,2801
"2020-06-11 00:00:00",FL,67456,2848
"2020-06-12 00:00:00",FL,69341,2877
"2020-06-13 00:00:00",FL,71589,2925
"2020-06-14 00:00:00",FL,73650,2931
"2020-06-15 00:00:00",FL,75388,2938
"2020-06-16 00:00:00",FL,78128,2993
"2020-06-17 00:00:00",FL,80676,3018
"2020-06-18 00:00:00",FL,83854,3061
"2020-06-19 00:00:00",FL,87643,3104
"2020-06-20 00:00:00",FL,91670,3144
"2020-06-21 00:00:00",FL,95139,3161
"2020-06-22 00:00:00",FL,98047,3173
"2020-06-23 00:00:00",FL,101303,3238
"2020-06-24 00:00:00",FL,106743,3281
"2020-06-25 00:00:00",FL,111724,3327
"2020-06-26 00:00:00",FL,120574,3366
"2020-06-27 00:00:00",FL,130092,3390
"2020-06-28 00:00:00",FL,138567,3419
"2020-06-29 00:00:00",FL,143805,3447
"2020-06-30 00:00:00",FL,149781,3505
"2020-07-01 00:00:00",FL,156288,3550
"2020-07-02 00:00:00",FL,166303,3617
"2020-07-03 00:00:00",FL,175718,3684
"2020-07-04 00:00:00",FL,187090,3702
"2020-07-05 00:00:00",FL,197076,3731
"2020-07-06 00:00:00",FL,203376,3778
"2020-07-07 00:00:00",FL,210594,3841
"2020-07-08 00:00:00",FL,220476,3953
"2020-07-09 00:00:00",FL,229367,4009
"2020-07-10 00:00:00",FL,240710,4102
"2020-07-11 00:00:00",FL,250984,4197
"2020-07-12 00:00:00",FL,266119,4242
"2020-07-13 00:00:00",FL,278667,4277
"2020-07-14 00:00:00",FL,287789,4409
"2020-07-15 00:00:00",FL,297876,4521
"2020-07-16 00:00:00",FL,311640,4677
"2020-07-17 00:00:00",FL,323002,4805
"2020-07-18 00:00:00",FL,333201,4895
"2020-07-19 00:00:00",FL,345612,4982
"2020-07-20 00:00:00",FL,355899,5072
"2020-07-21 00:00:00",FL,365244,5206
"2020-07-22 00:00:00",FL,374920,5345
"2020-07-23 00:00:00",FL,385091,5518
"2020-07-24 00:00:00",FL,397470,5653
"2020-07-25 00:00:00",FL,409585,5777
"2020-07-26 00:00:00",FL,418844,5854
"2020-07-27 00:00:00",FL,427698,5931
"2020-07-28 00:00:00",FL,436867,6117
"2020-07-29 00:00:00",FL,446251,6333
"2020-07-30 00:00:00",FL,456105,6586
"2020-07-31 00:00:00",FL,465030,6843
"2020-08-01 00:00:00",FL,474621,7022
"2020-08-02 00:00:00",FL,481668,7084
"2020-08-03 00:00:00",FL,486426,7292
"2020-08-04 00:00:00",FL,491773,7402
"2020-08-05 00:00:00",FL,497181,7627
"2020-08-06 00:00:00",FL,504768,7747
"2020-08-07 00:00:00",FL,512421,7927
"2020-08-08 00:00:00",FL,520846,8109
"2020-08-09 00:00:00",FL,527036,8186
"2020-08-10 00:00:00",FL,531188,8359
"2020-08-11 00:00:00",FL,536981,8553
"2020-08-12 00:00:00",FL,545040,8765
"2020-08-13 00:00:00",FL,551232,8913
"2020-08-14 00:00:00",FL,557337,9141
"2020-08-15 00:00:00",FL,563628,9345
"2020-08-16 00:00:00",FL,567375,9452
"2020-08-17 00:00:00",FL,570024,9539
"2020-08-18 00:00:00",FL,573811,9758
"2020-08-19 00:00:00",FL,577891,9932
"2020-08-20 00:00:00",FL,582407,10049
"2020-08-21 00:00:00",FL,587023,10168
"2020-08-22 00:00:00",FL,591283,10274
"2020-08-23 00:00:00",FL,594287,10325
"2020-08-24 00:00:00",FL,596511,10397
"2020-08-25 00:00:00",FL,599176,10580
"2020-08-26 00:00:00",FL,602113,10733
"2020-08-27 00:00:00",FL,605342,10868
"2020-08-28 00:00:00",FL,609074,10957
"2020-08-29 00:00:00",FL,612206,11105
"2020-08-30 00:00:00",FL,614753,11119
"2020-08-31 00:00:00",FL,616629,11187
"2020-09-01 00:00:00",FL,624116,11374
"2020-09-02 00:00:00",FL,626426,11501
"2020-09-03 00:00:00",FL,629913,11650
"2020-09-04 00:00:00",FL,633060,11750
"2020-09-05 00:00:00",FL,636653,11811
"2020-09-06 00:00:00",FL,639166,11849
"2020-09-07 00:00:00",FL,640978,11871
"2020-09-08 00:00:00",FL,642775,11915
"2020-09-09 00:00:00",FL,644781,12115
"2020-09-10 00:00:00",FL,647318,12326
"2020-09-11 00:00:00",FL,650922,12502
"2020-09-12 00:00:00",FL,654090,12600
"2020-09-13 00:00:00",FL,656485,12608
"2020-09-14 00:00:00",FL,658203,12642
"2020-09-15 00:00:00",FL,660946,12787
"2020-09-16 00:00:00",FL,663234,12939
"2020-09-17 00:00:00",FL,666507,13086
"2020-09-18 00:00:00",FL,669684,13225
"2020-09-19 00:00:00",FL,673194,13287
"2020-09-20 00:00:00",FL,675691,13296
"2020-09-21 00:00:00",FL,677362,13317
"2020-09-22 00:00:00",FL,679776,13416
"2020-09-23 00:00:00",FL,682370,13618
"2020-09-24 00:00:00",FL,684847,13795
"2020-09-25 00:00:00",FL,687656,13915
"2020-09-26 00:00:00",FL,690387,14022
"2020-09-27 00:00:00",FL,692234,14032
"2020-09-28 00:00:00",FL,692962,14037
"2020-09-29 00:00:00",FL,696171,14143
"2020-09-30 00:00:00",FL,698051,14317
"2020-10-01 00:00:00",FL,700602,14444
"2020-10-02 00:00:00",FL,703212,14554
"2020-10-03 00:00:00",FL,705938,14628
"2020-10-04 00:00:00",FL,707751,14671
"2020-10-05 00:00:00",FL,709156,14712
"2020-10-06 00:00:00",FL,711358,14767
"2020-10-07 00:00:00",FL,713902,14904
"2020-10-08 00:00:00",FL,717148,15068
"2020-10-09 00:00:00",FL,720001,15186
"2020-10-10 00:00:00",FL,720001,15186
"2020-10-11 00:00:00",FL,725415,15364
"2020-10-12 00:00:00",FL,726934,15412
"2020-10-13 00:00:00",FL,729591,15531
"2020-10-14 00:00:00",FL,732399,15595
"2020-10-15 00:00:00",FL,735685,15736
"2020-10-16 00:00:00",FL,739050,15830
"2020-10-17 00:00:00",FL,743018,15917
"2020-10-18 00:00:00",FL,745492,15967
"2020-10-19 00:00:00",FL,747183,16021
"2020-10-20 00:00:00",FL,750739,16105
"2020-10-21 00:00:00",FL,752845,16210
"2020-10-22 00:00:00",FL,758306,16267
"2020-10-23 00:00:00",FL,761924,16340
"2020-10-24 00:00:00",FL,766305,16417
"2020-10-25 00:00:00",FL,768653,16429
"2020-10-26 00:00:00",FL,771989,16449
"2020-10-27 00:00:00",FL,776215,16505
"2020-10-28 00:00:00",FL,780220,16571
"2020-10-29 00:00:00",FL,784331,16648
"2020-10-30 00:00:00",FL,789714,16720
"2020-10-31 00:00:00",FL,791997,16761
"2020-11-01 00:00:00",FL,796802,16789
"2020-11-02 00:00:00",FL,801371,16834
"2020-11-03 00:00:00",FL,805924,16890
"2020-11-04 00:00:00",FL,810256,16922
"2020-11-05 00:00:00",FL,816376,16961
"2020-11-06 00:00:00",FL,821526,17014
"2020-11-07 00:00:00",FL,825906,17100
"2020-11-08 00:00:00",FL,832525,17121
"2020-11-09 00:00:00",FL,836370,17179
"2020-02-01 00:00:00",MA,1,0
"2020-02-02 00:00:00",MA,1,0
"2020-02-03 00:00:00",MA,1,0
"2020-02-04 00:00:00",MA,1,0
"2020-02-05 00:00:00",MA,1,0
"2020-02-06 00:00:00",MA,1,0
"2020-02-07 00:00:00",MA,1,0
"2020-02-08 00:00:00",MA,1,0
"2020-02-09 00:00:00",MA,1,0
"2020-02-10 00:00:00",MA,1,0
"2020-02-11 00:00:00",MA,1,0
"2020-02-12 00:00:00",MA,1,0
"2020-02-13 00:00:00",MA,1,0
"2020-02-14 00:00:00",MA,1,0
"2020-02-15 00:00:00",MA,1,0
"2020-02-16 00:00:00",MA,1,0
"2020-02-17 00:00:00",MA,1,0
"2020-02-18 00:00:00",MA,1,0
"2020-02-19 00:00:00",MA,1,0
"2020-02-20 00:00:00",MA,1,0
"2020-02-21 00:00:00",MA,1,0
"2020-02-22 00:00:00",MA,1,0
"2020-02-23 00:00:00",MA,1,0
"2020-02-24 00:00:00",MA,1,0
"2020-02-25 00:00:00",MA,1,0
"2020-02-26 00:00:00",MA,1,0
"2020-02-27 00:00:00",MA,1,0
"2020-02-28 00:00:00",MA,1,0
"2020-02-29 00:00:00",MA,1,0
"2020-03-01 00:00:00",MA,1,0
"2020-03-02 00:00:00",MA,1,0
"2020-03-03 00:00:00",MA,2,0
"2020-03-04 00:00:00",MA,2,0
"2020-03-05 00:00:00",MA,2,0
"2020-03-06 00:00:00",MA,7,0
"2020-03-07 00:00:00",MA,9,0
"2020-03-08 00:00:00",MA,28,0
"2020-03-09 00:00:00",MA,28,0
"2020-03-10 00:00:00",MA,91,0
"2020-03-11 00:00:00",MA,95,0
"2020-03-12 00:00:00",MA,108,0
"2020-03-13 00:00:00",MA,109,0
"2020-03-14 00:00:00",MA,109,0
"2020-03-15 00:00:00",MA,164,0
"2020-03-16 00:00:00",MA,197,0
"2020-03-17 00:00:00",MA,218,0
"2020-03-18 00:00:00",MA,256,0
"2020-03-19 00:00:00",MA,328,0
"2020-03-20 00:00:00",MA,413,1
"2020-03-21 00:00:00",MA,525,1
"2020-03-22 00:00:00",MA,646,5
"2020-03-23 00:00:00",MA,777,9
"2020-03-24 00:00:00",MA,1159,11
"2020-03-25 00:00:00",MA,1838,15
"2020-03-26 00:00:00",MA,2417,25
"2020-03-27 00:00:00",MA,3240,35
"2020-03-28 00:00:00",MA,4257,44
"2020-03-29 00:00:00",MA,4955,48
"2020-03-30 00:00:00",MA,5752,56
"2020-03-31 00:00:00",MA,6620,89
"2020-04-01 00:00:00",MA,7738,122
"2020-04-02 00:00:00",MA,8966,154
"2020-04-03 00:00:00",MA,10402,192
"2020-04-04 00:00:00",MA,11736,216
"2020-04-05 00:00:00",MA,12500,231
"2020-04-06 00:00:00",MA,13837,260
"2020-04-07 00:00:00",MA,15202,356
"2020-04-08 00:00:00",MA,16567,433
"2020-04-09 00:00:00",MA,18941,503
"2020-04-10 00:00:00",MA,20845,599
"2020-04-11 00:00:00",MA,23918,692
"2020-04-12 00:00:00",MA,25475,756
"2020-04-13 00:00:00",MA,26867,844
"2020-04-14 00:00:00",MA,28163,957
"2020-04-15 00:00:00",MA,29918,1108
"2020-04-16 00:00:00",MA,32181,1245
"2020-04-17 00:00:00",MA,34402,1404
"2020-04-18 00:00:00",MA,36372,1560
"2020-04-19 00:00:00",MA,38077,1706
"2020-04-20 00:00:00",MA,39643,1809
"2020-04-21 00:00:00",MA,41199,1961
"2020-04-22 00:00:00",MA,42944,2182
"2020-04-23 00:00:00",MA,46023,2360
"2020-04-24 00:00:00",MA,50969,2556
"2020-04-25 00:00:00",MA,53348,2730
"2020-04-26 00:00:00",MA,54938,2899
"2020-04-27 00:00:00",MA,56462,3003
"2020-04-28 00:00:00",MA,58302,3153
"2020-04-29 00:00:00",MA,60265,3405
"2020-04-30 00:00:00",MA,62205,3562
"2020-05-01 00:00:00",MA,64311,3716
"2020-05-02 00:00:00",MA,66263,3846
"2020-05-03 00:00:00",MA,68087,4004
"2020-05-04 00:00:00",MA,69087,4090
"2020-05-05 00:00:00",MA,70271,4212
"2020-05-06 00:00:00",MA,72025,4420
"2020-05-07 00:00:00",MA,73721,4552
"2020-05-08 00:00:00",MA,75333,4702
"2020-05-09 00:00:00",MA,76743,4840
"2020-05-10 00:00:00",MA,77793,4979
"2020-05-11 00:00:00",MA,78462,5108
"2020-05-12 00:00:00",MA,79332,5141
"2020-05-13 00:00:00",MA,80497,5315
"2020-05-14 00:00:00",MA,82182,5649
"2020-05-15 00:00:00",MA,83421,5592
"2020-05-16 00:00:00",MA,84933,5705
"2020-05-17 00:00:00",MA,86010,5797
"2020-05-18 00:00:00",MA,87052,5862
"2020-05-19 00:00:00",MA,87925,5938
"2020-05-20 00:00:00",MA,88970,6066
"2020-05-21 00:00:00",MA,90084,6148
"2020-05-22 00:00:00",MA,90899,6228
"2020-05-23 00:00:00",MA,91662,6304
"2020-05-24 00:00:00",MA,92675,6372
"2020-05-25 00:00:00",MA,93271,6416
"2020-05-26 00:00:00",MA,93693,6473
"2020-05-27 00:00:00",MA,94220,6547
"2020-05-28 00:00:00",MA,94895,6640
"2020-05-29 00:00:00",MA,95512,6718
"2020-05-30 00:00:00",MA,96301,6768
"2020-05-31 00:00:00",MA,96965,6846
"2020-06-01 00:00:00",MA,100805,7035
"2020-06-02 00:00:00",MA,101163,7085
"2020-06-03 00:00:00",MA,101592,7012
"2020-06-04 00:00:00",MA,102063,7201
"2020-06-05 00:00:00",MA,102557,7235
"2020-06-06 00:00:00",MA,103132,7289
"2020-06-07 00:00:00",MA,103436,7316
"2020-06-08 00:00:00",MA,103626,7353
"2020-06-09 00:00:00",MA,103889,7408
"2020-06-10 00:00:00",MA,104156,7454
"2020-06-11 00:00:00",MA,104667,7492
"2020-06-12 00:00:00",MA,105059,7538
"2020-06-13 00:00:00",MA,105395,7576
"2020-06-14 00:00:00",MA,105603,7624
"2020-06-15 00:00:00",MA,105690,7647
"2020-06-16 00:00:00",MA,105885,7665
"2020-06-17 00:00:00",MA,106151,7734
"2020-06-18 00:00:00",MA,106422,7770
"2020-06-19 00:00:00",MA,106650,7800
"2020-06-20 00:00:00",MA,106936,7828
"2020-06-21 00:00:00",MA,107061,7858
"2020-06-22 00:00:00",MA,107210,7874
"2020-06-23 00:00:00",MA,107439,7890
"2020-06-24 00:00:00",MA,107611,7938
"2020-06-25 00:00:00",MA,107837,7963
"2020-06-26 00:00:00",MA,108070,8013
"2020-06-27 00:00:00",MA,108443,8041
"2020-06-28 00:00:00",MA,108667,8060
"2020-06-29 00:00:00",MA,108768,8095
"2020-06-30 00:00:00",MA,108882,8054
"2020-07-01 00:00:00",MA,109143,8081
"2020-07-02 00:00:00",MA,109338,8132
"2020-07-03 00:00:00",MA,109628,8149
"2020-07-04 00:00:00",MA,109838,8172
"2020-07-05 00:00:00",MA,109974,8183
"2020-07-06 00:00:00",MA,110137,8198
"2020-07-07 00:00:00",MA,110338,8213
"2020-07-08 00:00:00",MA,110602,8243
"2020-07-09 00:00:00",MA,110897,8268
"2020-07-10 00:00:00",MA,111110,8296
"2020-07-11 00:00:00",MA,111398,8310
"2020-07-12 00:00:00",MA,111597,8325
"2020-07-13 00:00:00",MA,111827,8330
"2020-07-14 00:00:00",MA,112130,8340
"2020-07-15 00:00:00",MA,112347,8368
"2020-07-16 00:00:00",MA,112581,8380
"2020-07-17 00:00:00",MA,112879,8402
"2020-07-18 00:00:00",MA,113238,8419
"2020-07-19 00:00:00",MA,113534,8431
"2020-07-20 00:00:00",MA,113789,8433
"2020-07-21 00:00:00",MA,114033,8450
"2020-07-22 00:00:00",MA,114320,8468
"2020-07-23 00:00:00",MA,114647,8484
"2020-07-24 00:00:00",MA,114985,8498
"2020-07-25 00:00:00",MA,115274,8510
"2020-07-26 00:00:00",MA,115637,8529
"2020-07-27 00:00:00",MA,115926,8536
"2020-07-28 00:00:00",MA,116182,8551
"2020-07-29 00:00:00",MA,116684,8580
"2020-07-30 00:00:00",MA,117098,8595
"2020-07-31 00:00:00",MA,117612,8609
"2020-08-01 00:00:00",MA,118040,8626
"2020-08-02 00:00:00",MA,118458,8638
"2020-08-03 00:00:00",MA,118657,8648
"2020-08-04 00:00:00",MA,119203,8657
"2020-08-05 00:00:00",MA,119643,8659
"2020-08-06 00:00:00",MA,119874,8691
"2020-08-07 00:00:00",MA,120291,8709
"2020-08-08 00:00:00",MA,120711,8721
"2020-08-09 00:00:00",MA,121040,8735
"2020-08-10 00:00:00",MA,121315,8741
"2020-08-11 00:00:00",MA,121707,8751
"2020-08-12 00:00:00",MA,121936,8769
"2020-08-13 00:00:00",MA,122255,8790
"2020-08-14 00:00:00",MA,124081,8804
"2020-08-15 00:00:00",MA,123199,8813
"2020-08-16 00:00:00",MA,123593,8837
"2020-08-17 00:00:00",MA,123842,8842
"2020-08-18 00:00:00",MA,124063,8848
"2020-08-19 00:00:00",MA,124415,8876
"2020-08-20 00:00:00",MA,124728,8888
"2020-08-21 00:00:00",MA,125159,8901
"2020-08-22 00:00:00",MA,125268,8921
"2020-08-23 00:00:00",MA,125268,8921
"2020-08-24 00:00:00",MA,125839,8949
"2020-08-25 00:00:00",MA,126188,8961
"2020-08-26 00:00:00",MA,126503,8987
"2020-08-27 00:00:00",MA,126868,9008
"2020-08-28 00:00:00",MA,127306,9024
"2020-08-29 00:00:00",MA,127727,9036
"2020-08-30 00:00:00",MA,127901,9049
"2020-08-31 00:00:00",MA,128202,9060
"2020-09-01 00:00:00",MA,128888,9064
"2020-09-02 00:00:00",MA,129176,9086
"2020-09-03 00:00:00",MA,129596,9103
"2020-09-04 00:00:00",MA,129815,9126
"2020-09-05 00:00:00",MA,130253,9116
"2020-09-06 00:00:00",MA,130623,9152
"2020-09-07 00:00:00",MA,130942,9133
"2020-09-08 00:00:00",MA,131110,9141
"2020-09-09 00:00:00",MA,131292,9145
"2020-09-10 00:00:00",MA,131655,9165
"2020-09-11 00:00:00",MA,132098,9179
"2020-09-12 00:00:00",MA,132533,9195
"2020-09-13 00:00:00",MA,132800,9209
"2020-09-14 00:00:00",MA,133035,9218
"2020-09-15 00:00:00",MA,133321,9224
"2020-09-16 00:00:00",MA,133616,9244
"2020-09-17 00:00:00",MA,134035,9259
"2020-09-18 00:00:00",MA,134466,9267
"2020-09-19 00:00:00",MA,135035,9293
"2020-09-20 00:00:00",MA,135375,9308
"2020-09-21 00:00:00",MA,135619,9315
"2020-09-22 00:00:00",MA,135762,9326
"2020-09-23 00:00:00",MA,136304,9343
"2020-09-24 00:00:00",MA,136759,9358
"2020-09-25 00:00:00",MA,137213,9368
"2020-09-26 00:00:00",MA,137728,9386
"2020-09-27 00:00:00",MA,138322,9399
"2020-09-28 00:00:00",MA,138689,9410
"2020-09-29 00:00:00",MA,139139,9418
"2020-09-30 00:00:00",MA,139649,9450
"2020-10-01 00:00:00",MA,140357,9473
"2020-10-02 00:00:00",MA,141110,9483
"2020-10-03 00:00:00",MA,141710,9500
"2020-10-04 00:00:00",MA,142336,9503
"2020-10-05 00:00:00",MA,142801,9523
"2020-10-06 00:00:00",MA,143255,9531
"2020-10-07 00:00:00",MA,143764,9550
"2020-10-08 00:00:00",MA,144173,9558
"2020-10-09 00:00:00",MA,144907,9570
"2020-10-10 00:00:00",MA,145494,9580
"2020-10-11 00:00:00",MA,146064,9596
"2020-10-12 00:00:00",MA,146829,9609
"2020-10-13 00:00:00",MA,147461,9621
"2020-10-14 00:00:00",MA,147979,9637
"2020-10-15 00:00:00",MA,148547,9660
"2020-10-16 00:00:00",MA,149249,9690
"2020-10-17 00:00:00",MA,149799,9711
"2020-10-18 00:00:00",MA,150543,9725
"2020-10-19 00:00:00",MA,151370,9740
"2020-10-20 00:00:00",MA,152191,9745
"2020-10-21 00:00:00",MA,152837,9767
"2020-10-22 00:00:00",MA,153823,9797
"2020-10-23 00:00:00",MA,154791,9816
"2020-10-24 00:00:00",MA,155919,9824
"2020-10-25 00:00:00",MA,157016,9848
"2020-10-26 00:00:00",MA,158232,9865
"2020-10-27 00:00:00",MA,159257,9872
"2020-10-28 00:00:00",MA,160394,9908
"2020-10-29 00:00:00",MA,161637,9935
"2020-10-30 00:00:00",MA,163125,9958
"2020-10-31 00:00:00",MA,164417,9974
"2020-11-01 00:00:00",MA,165556,9996
"2020-11-02 00:00:00",MA,166281,10005
"2020-11-03 00:00:00",MA,167204,10017
"2020-11-04 00:00:00",MA,168833,10044
"2020-11-05 00:00:00",MA,170594,10067
"2020-11-06 00:00:00",MA,172632,10088
"2020-11-07 00:00:00",MA,174832,10111
"2020-11-08 00:00:00",MA,176641,10131
"2020-11-09 00:00:00",MA,177825,10144
"2020-11-10 00:00:00",MA,179872,10165
"2020-11-11 00:00:00",MA,182367,10202
"2020-03-03 00:00:00",NC,1,0
"2020-03-04 00:00:00",NC,1,0
"2020-03-05 00:00:00",NC,1,0
"2020-03-06 00:00:00",NC,2,0
"2020-03-07 00:00:00",NC,2,0
"2020-03-08 00:00:00",NC,2,0
"2020-03-09 00:00:00",NC,7,0
"2020-03-10 00:00:00",NC,7,0
"2020-03-11 00:00:00",NC,8,0
"2020-03-12 00:00:00",NC,15,0
"2020-03-13 00:00:00",NC,15,0
"2020-03-14 00:00:00",NC,17,0
"2020-03-15 00:00:00",NC,33,0
"2020-03-16 00:00:00",NC,40,0
"2020-03-17 00:00:00",NC,62,0
"2020-03-18 00:00:00",NC,97,0
"2020-03-19 00:00:00",NC,137,0
"2020-03-20 00:00:00",NC,164,0
"2020-03-21 00:00:00",NC,227,0
"2020-03-22 00:00:00",NC,255,0
"2020-03-23 00:00:00",NC,398,0
"2020-03-24 00:00:00",NC,504,0
"2020-03-25 00:00:00",NC,636,1
"2020-03-26 00:00:00",NC,764,3
"2020-03-27 00:00:00",NC,764,3
"2020-03-28 00:00:00",NC,935,4
"2020-03-29 00:00:00",NC,1307,6
"2020-03-30 00:00:00",NC,1498,8
"2020-03-31 00:00:00",NC,1584,9
"2020-04-01 00:00:00",NC,1857,16
"2020-04-02 00:00:00",NC,2093,19
"2020-04-03 00:00:00",NC,2093,21
"2020-04-04 00:00:00",NC,2402,24
"2020-04-05 00:00:00",NC,2870,33
"2020-04-06 00:00:00",NC,2870,33
"2020-04-07 00:00:00",NC,3221,46
"2020-04-08 00:00:00",NC,3651,65
"2020-04-09 00:00:00",NC,3651,65
"2020-04-10 00:00:00",NC,3908,74
"2020-04-11 00:00:00",NC,4312,80
"2020-04-12 00:00:00",NC,4520,81
"2020-04-13 00:00:00",NC,4816,86
"2020-04-14 00:00:00",NC,5024,108
"2020-04-15 00:00:00",NC,5123,117
"2020-04-16 00:00:00",NC,5465,131
"2020-04-17 00:00:00",NC,5859,152
"2020-04-18 00:00:00",NC,6140,164
"2020-04-19 00:00:00",NC,6493,172
"2020-04-20 00:00:00",NC,6764,179
"2020-04-21 00:00:00",NC,6951,213
"2020-04-22 00:00:00",NC,7220,242
"2020-04-23 00:00:00",NC,7608,253
"2020-04-24 00:00:00",NC,8052,269
"2020-04-25 00:00:00",NC,8623,289
"2020-04-26 00:00:00",NC,8830,299
"2020-04-27 00:00:00",NC,9142,306
"2020-04-28 00:00:00",NC,9568,342
"2020-04-29 00:00:00",NC,9948,354
"2020-04-30 00:00:00",NC,10509,378
"2020-05-01 00:00:00",NC,10923,399
"2020-05-02 00:00:00",NC,11509,420
"2020-05-03 00:00:00",NC,11664,422
"2020-05-04 00:00:00",NC,11848,430
"2020-05-05 00:00:00",NC,12256,452
"2020-05-06 00:00:00",NC,12758,477
"2020-05-07 00:00:00",NC,13397,507
"2020-05-08 00:00:00",NC,13868,527
"2020-05-09 00:00:00",NC,14360,544
"2020-05-10 00:00:00",NC,14764,547
"2020-05-11 00:00:00",NC,15045,550
"2020-05-12 00:00:00",NC,15346,577
"2020-05-13 00:00:00",NC,15816,597
"2020-05-14 00:00:00",NC,16507,615
"2020-05-15 00:00:00",NC,17129,641
"2020-05-16 00:00:00",NC,17982,652
"2020-05-17 00:00:00",NC,18512,659
"2020-05-18 00:00:00",NC,19023,661
"2020-05-19 00:00:00",NC,19700,691
"2020-05-20 00:00:00",NC,20122,702
"2020-05-21 00:00:00",NC,20860,716
"2020-05-22 00:00:00",NC,21618,728
"2020-05-23 00:00:00",NC,22725,737
"2020-05-24 00:00:00",NC,23222,744
"2020-05-25 00:00:00",NC,23964,764
"2020-05-26 00:00:00",NC,24140,766
"2020-05-27 00:00:00",NC,24628,794
"2020-05-28 00:00:00",NC,25412,827
"2020-05-29 00:00:00",NC,26488,859
"2020-05-30 00:00:00",NC,27673,877
"2020-05-31 00:00:00",NC,28589,886
"2020-06-01 00:00:00",NC,29263,898
"2020-06-02 00:00:00",NC,29889,921
"2020-06-03 00:00:00",NC,30777,939
"2020-06-04 00:00:00",NC,31966,960
"2020-06-05 00:00:00",NC,33255,966
"2020-06-06 00:00:00",NC,34625,992
"2020-06-07 00:00:00",NC,35555,996
"2020-06-08 00:00:00",NC,36484,1006
"2020-06-09 00:00:00",NC,37160,1029
"2020-06-10 00:00:00",NC,38171,1053
"2020-06-11 00:00:00",NC,39481,1064
"2020-06-12 00:00:00",NC,41249,1092
"2020-06-13 00:00:00",NC,42676,1104
"2020-06-14 00:00:00",NC,44119,1109
"2020-06-15 00:00:00",NC,45102,1118
"2020-06-16 00:00:00",NC,45853,1154
"2020-06-17 00:00:00",NC,46855,1168
"2020-06-18 00:00:00",NC,48188,1175
"2020-06-19 00:00:00",NC,49840,1197
"2020-06-20 00:00:00",NC,51389,1212
"2020-06-21 00:00:00",NC,52801,1220
"2020-06-22 00:00:00",NC,53605,1223
"2020-06-23 00:00:00",NC,54453,1251
"2020-06-24 00:00:00",NC,56174,1271
"2020-06-25 00:00:00",NC,57183,1290
"2020-06-26 00:00:00",NC,58818,1303
"2020-06-27 00:00:00",NC,60537,1318
"2020-06-28 00:00:00",NC,62142,1322
"2020-06-29 00:00:00",NC,63484,1325
"2020-06-30 00:00:00",NC,64670,1343
"2020-07-01 00:00:00",NC,66514,1373
"2020-07-02 00:00:00",NC,64670,1343
"2020-07-03 00:00:00",NC,70241,1392
"2020-07-04 00:00:00",NC,70241,1392
"2020-07-05 00:00:00",NC,72983,1396
"2020-07-06 00:00:00",NC,74529,1398
"2020-07-07 00:00:00",NC,75875,1420
"2020-07-08 00:00:00",NC,77310,1441
"2020-07-09 00:00:00",NC,79349,1461
"2020-07-10 00:00:00",NC,81331,1479
"2020-07-11 00:00:00",NC,83793,1499
"2020-07-12 00:00:00",NC,85701,1503
"2020-07-13 00:00:00",NC,87528,1510
"2020-07-14 00:00:00",NC,89484,1552
"2020-07-15 00:00:00",NC,91266,1568
"2020-07-16 00:00:00",NC,93426,1588
"2020-07-17 00:00:00",NC,95477,1606
"2020-07-18 00:00:00",NC,97958,1629
"2020-07-19 00:00:00",NC,99778,1634
"2020-07-20 00:00:00",NC,101046,1642
"2020-07-21 00:00:00",NC,102861,1668
"2020-07-22 00:00:00",NC,105001,1698
"2020-07-23 00:00:00",NC,106893,1726
"2020-07-24 00:00:00",NC,108995,1746
"2020-07-25 00:00:00",NC,111092,1778
"2020-07-26 00:00:00",NC,112713,1785
"2020-07-27 00:00:00",NC,114338,1790
"2020-07-28 00:00:00",NC,116087,1820
"2020-07-29 00:00:00",NC,117850,1865
"2020-07-30 00:00:00",NC,120194,1903
"2020-07-31 00:00:00",NC,122148,1924
"2020-08-01 00:00:00",NC,123878,1964
"2020-08-02 00:00:00",NC,125219,1969
"2020-08-03 00:00:00",NC,126532,1982
"2020-08-04 00:00:00",NC,128161,2010
"2020-08-05 00:00:00",NC,129288,2050
"2020-08-06 00:00:00",NC,131267,2092
"2020-08-07 00:00:00",NC,132812,2134
"2020-08-08 00:00:00",NC,134766,2160
"2020-08-09 00:00:00",NC,136218,2168
"2020-08-10 00:00:00",NC,136844,2172
"2020-08-11 00:00:00",NC,137895,2204
"2020-08-12 00:00:00",NC,139061,2249
"2020-08-13 00:00:00",NC,140824,2287
"2020-08-14 00:00:00",NC,142170,2313
"2020-08-15 00:00:00",NC,143706,2343
"2020-08-16 00:00:00",NC,144952,2347
"2020-08-17 00:00:00",NC,145516,2348
"2020-08-18 00:00:00",NC,146779,2396
"2020-08-19 00:00:00",NC,147932,2431
"2020-08-20 00:00:00",NC,149904,2465
"2020-08-21 00:00:00",NC,151912,2494
"2020-08-22 00:00:00",NC,153641,2521
"2020-08-23 00:00:00",NC,155113,2531
"2020-08-24 00:00:00",NC,156396,2535
"2020-08-25 00:00:00",NC,157741,2570
"2020-08-26 00:00:00",NC,158985,2606
"2020-08-27 00:00:00",NC,161076,2630
"2020-08-28 00:00:00",NC,162491,2652
"2020-08-29 00:00:00",NC,165076,2683
"2020-08-30 00:00:00",NC,166127,2692
"2020-08-31 00:00:00",NC,167313,2702
"2020-09-01 00:00:00",NC,169424,2741
"2020-09-02 00:00:00",NC,170553,2779
"2020-09-03 00:00:00",NC,172209,2803
"2020-09-04 00:00:00",NC,174254,2839
"2020-09-05 00:00:00",NC,175815,2889
"2020-09-06 00:00:00",NC,176901,2890
"2020-09-07 00:00:00",NC,177919,2897
"2020-09-08 00:00:00",NC,178635,2909
"2020-09-09 00:00:00",NC,179532,2958
"2020-09-10 00:00:00",NC,180754,2990
"2020-09-11 00:00:00",NC,182286,3023
"2020-09-12 00:00:00",NC,183740,3047
"2020-09-13 00:00:00",NC,184936,3052
"2020-09-14 00:00:00",NC,185781,3060
"2020-09-15 00:00:00",NC,186887,3111
"2020-09-16 00:00:00",NC,188024,3149
"2020-09-17 00:00:00",NC,189576,3180
"2020-09-18 00:00:00",NC,191019,3207
"2020-09-19 00:00:00",NC,192248,3235
"2020-09-20 00:00:00",NC,193581,3243
"2020-09-21 00:00:00",NC,194381,3247
"2020-09-22 00:00:00",NC,195549,3286
"2020-09-23 00:00:00",NC,196501,3316
"2020-09-24 00:00:00",NC,198189,3356
"2020-09-25 00:00:00",NC,204331,3409
"2020-09-26 00:00:00",NC,206090,3440
"2020-09-27 00:00:00",NC,207380,3441
"2020-09-28 00:00:00",NC,208248,3445
"2020-09-29 00:00:00",NC,209137,3494
